rating,bigram,count
5.0,good game,107200
5.0,best game,84900
5.0,nice game,80000
5.0,love game,75600
5.0,best ever,54800
1.0,doesn work,52800
5.0,social media,42200
5.0,game ever,37300
1.0,won let,32300
1.0,worst ever,31500
5.0,subway surfers,29600
1.0,customer service,29300
5.0,great game,25300
5.0,good experience,24000
5.0,best music,23600
5.0,like game,22300
5.0,game good,22100
5.0,good good,20900
5.0,tik tok,20700
5.0,good work,20100
5.0,best social,19900
1.0,bad experience,18400
5.0,good job,17900
5.0,game fun,17900
5.0,friends family,17900
5.0,fun game,17900
5.0,game love,17700
5.0,nice good,17600
5.0,good nice,16800
5.0,amazing game,16000
5.0,video call,16000
5.0,good service,15900
1.0,cancel subscription,15900
1.0,without reason,15800
5.0,good like,15200
1.0,customer support,14300
4.0,good game,14200
5.0,playing game,14000
5.0,great experience,13900
1.0,add friends,13600
5.0,best best,13500
1.0,send messages,13500
5.0,good quality,13500
5.0,good love,13400
5.0,good easy,13100
1.0,keeps saying,13000
1.0,social media,13000
5.0,best world,12600
1.0,free trial,12100
5.0,game like,12100
1.0,keeps crashing,11900
1.0,worst experience,11800
5.0,family friends,11600
5.0,love netflix,11300
1.0,verification code,11100
5.0,tiktok team,11000
5.0,highly recommend,10900
5.0,love love,10900
5.0,love tiktok,10600
5.0,love spotify,10500
5.0,game game,10500
5.0,good aap,10500
5.0,video calls,10400
5.0,game best,10400
1.0,create new,10400
5.0,good luck,10300
1.0,doesn allow,10200
4.0,nice game,10200
1.0,every single,10200
5.0,best news,9900
5.0,nice aap,9900
2.0,doesn work,9700
5.0,super game,9600
5.0,v good,9500
1.0,tik tok,9400
1.0,doesn let,9300
1.0,ever seen,9200
1.0,qr code,9200
1.0,give star,9100
5.0,around world,9100
1.0,register number,9000
1.0,m going,9000
5.0,l love,8900
5.0,awesome game,8900
1.0,didn work,8900
1.0,activation failed,8800
1.0,waste money,8600
1.0,soon possible,8600
5.0,favourite game,8600
1.0,banned reason,8500
1.0,video call,8500
5.0,game world,8400
1.0,ve ever,8400
5.0,interesting game,8400
5.0,game nice,8300
5.0,m happy,8300
5.0,ever played,8100
5.0,love skype,8100
4.0,pretty good,8100
5.0,ever seen,8000
1.0,photos videos,8000
5.0,free speech,8000
5.0,far good,7900
5.0,great love,7900
1.0,uninstalled reinstalled,7800
1.0,work properly,7700
1.0,email address,7700
5.0,nice love,7700
5.0,game amazing,7600
5.0,power point,7600
1.0,pop ups,7600
1.0,unknown error,7600
5.0,keep good,7500
5.0,nice easy,7500
5.0,good morning,7500
1.0,listen music,7400
5.0,verry good,7400
1.0,support team,7400
5.0,great music,7400
5.0,nice work,7300
1.0,give stars,7300
5.0,nice experience,7200
1.0,feels like,7200
5.0,good communication,7200
5.0,fast reliable,7100
5.0,best platform,7100
1.0,buy premium,7100
1.0,community guidelines,7100
1.0,without permission,7000
1.0,reset password,7000
1.0,transfer code,7000
5.0,amazing love,6900
1.0,doesn show,6900
5.0,pretty good,6900
5.0,highly recommended,6800
1.0,went wrong,6800
5.0,great news,6700
1.0,receive messages,6700
5.0,great job,6700
5.0,best experience,6700
5.0,easy access,6600
1.0,elon musk,6600
5.0,talk friends,6600
1.0,suspended reason,6500
5.0,favorite game,6500
5.0,wonderful game,6500
5.0,love snapchat,6500
5.0,absolutely love,6500
5.0,good fast,6400
5.0,love easy,6400
5.0,l like,6400
5.0,good platform,6400
1.0,ads every,6400
1.0,without premium,6300
1.0,won work,6300
5.0,fast easy,6300
5.0,ve ever,6300
5.0,wow nice,6300
1.0,contact support,6300
1.0,didn anything,6300
1.0,cleared cache,6200
1.0,something went,6200
1.0,m paying,6200
5.0,miss skype,6200
5.0,best aap,6200
1.0,temporarily blocked,6200
5.0,media platform,6200
5.0,nice nice,6200
1.0,seems like,6200
5.0,photos videos,6200
5.0,chat friends,6100
1.0,ads ads,6100
5.0,good music,6100
5.0,game playing,6100
5.0,elon musk,6100
1.0,files media,6000
5.0,high quality,6000
5.0,super fun,6000
1.0,access old,5900
1.0,change password,5900
4.0,love game,5900
5.0,great easy,5900
1.0,chat history,5900
5.0,best communication,5900
1.0,choose song,5900
5.0,rip skype,5800
1.0,add number,5800
5.0,love good,5800
5.0,listen music,5700
1.0,fake news,5700
3.0,doesn work,5700
1.0,ve never,5700
5.0,easy navigate,5600
5.0,great service,5600
5.0,excellent game,5600
1.0,looks like,5600
5.0,good useful,5500
5.0,cloud storage,5500
5.0,fantastic game,5500
1.0,something else,5500
1.0,suspended without,5500
1.0,wont let,5400
1.0,pay premium,5400
1.0,m sure,5300
1.0,email password,5300
5.0,nice like,5300
1.0,end end,5300
5.0,god bless,5300
5.0,excellent service,5300
5.0,easy fast,5300
1.0,anything wrong,5300
5.0,mind blowing,5200
1.0,m disappointed,5200
5.0,good best,5200
1.0,won allow,5200
1.0,listen songs,5200
5.0,sound quality,5200
5.0,love playing,5200
3.0,good game,5200
1.0,like new,5100
5.0,great work,5100
5.0,top notch,5100
5.0,goodbye skype,5100
5.0,good fun,5100
5.0,world best,5100
5.0,five stars,5100
4.0,good experience,5100
1.0,m able,5100
1.0,always says,5100
5.0,m enjoying,5000
1.0,premium subscription,5000
1.0,forgot password,5000
1.0,m unable,5000
1.0,feel like,5000
5.0,great platform,5000
5.0,super good,4900
1.0,free speech,4900
1.0,paid subscription,4900
1.0,upload photos,4900
1.0,keeps telling,4900
5.0,fun fun,4800
5.0,beautiful game,4800
1.0,post photos,4800
5.0,movies series,4800
1.0,hate new,4800
4.0,best game,4800
5.0,like good,4800
5.0,voice video,4800
1.0,add friend,4800
1.0,doesnt work,4800
5.0,keep touch,4800
1.0,full ads,4700
1.0,tiktok team,4700
5.0,soo good,4700
1.0,money hungry,4700
5.0,five star,4700
5.0,love x,4700
5.0,game awesome,4700
5.0,communicate friends,4600
5.0,hello tiktok,4600
1.0,old new,4600
5.0,always good,4600
1.0,worse worse,4600
1.0,verification temporarily,4600
1.0,access files,4600
5.0,great fun,4600
1.0,zero stars,4500
5.0,game childhood,4500
5.0,good social,4500
1.0,give option,4500
4.0,good like,4500
1.0,give zero,4500
1.0,clearing cache,4500
5.0,cool game,4500
1.0,something wrong,4500
5.0,call quality,4500
1.0,dont like,4400
5.0,new friends,4400
5.0,love music,4400
5.0,amazing experience,4400
1.0,new number,4400
1.0,every song,4400
5.0,love best,4400
1.0,ice ads,4400
5.0,good helpful,4400
1.0,raha hai,4400
5.0,good pass,4400
5.0,give stars,4400
5.0,good m,4400
1.0,keep saying,4400
5.0,viral video,4300
4.0,game good,4300
5.0,raha hai,4300
1.0,completely useless,4300
5.0,simply best,4300
5.0,support team,4300
5.0,bahut achcha,4300
5.0,love subway,4300
1.0,song listen,4300
5.0,loved ones,4300
1.0,worst music,4300
1.0,need pay,4300
2.0,keeps crashing,4300
5.0,bye skype,4300
1.0,group chats,4300
5.0,offline game,4300
5.0,video quality,4200
5.0,played game,4200
1.0,m done,4200
2.0,won let,4200
1.0,add anyone,4200
5.0,best love,4200
5.0,listening music,4200
5.0,skype best,4200
5.0,fun love,4200
1.0,takes forever,4200
1.0,free users,4200
1.0,community standards,4200
5.0,good bye,4200
1.0,video calls,4200
5.0,snap chat,4200
1.0,worse every,4100
5.0,enjoy game,4100
1.0,gets worse,4100
5.0,wide angle,4100
1.0,bring old,4100
5.0,good excellent,4000
1.0,ve already,4000
1.0,post pictures,4000
1.0,pictures videos,4000
5.0,game pass,4000
1.0,samsung galaxy,4000
5.0,music ever,4000
1.0,giving star,4000
5.0,worst worst,4000
5.0,always best,3900
1.0,video quality,3900
1.0,error occurred,3900
1.0,receive call,3900
1.0,star rating,3900
1.0,credit card,3900
5.0,features like,3900
1.0,customer care,3900
1.0,watch netflix,3900
1.0,contacted support,3900
1.0,gotten worse,3900
5.0,good news,3900
1.0,worst ve,3900
1.0,m tired,3900
1.0,new ui,3900
1.0,work anymore,3800
5.0,shows movies,3800
5.0,love great,3800
1.0,youtube music,3800
1.0,clear cache,3800
1.0,terrible experience,3800
1.0,sending messages,3800
1.0,streaming service,3800
1.0,force stop,3800
5.0,super easy,3800
1.0,add new,3800
5.0,among us,3800
1.0,nothing wrong,3800
1.0,listen song,3800
5.0,childhood game,3800
1.0,new messages,3800
5.0,transfer files,3800
5.0,watch movies,3800
5.0,easy communicate,3700
1.0,nothing happens,3700
1.0,ads annoying,3700
5.0,good entertainment,3700
4.0,social media,3700
5.0,like like,3700
1.0,activate viber,3700
1.0,taking money,3700
5.0,relaxing game,3700
1.0,bad service,3700
4.0,far good,3700
1.0,pay money,3700
5.0,love new,3700
1.0,number blocked,3700
1.0,ga bisa,3700
5.0,best sharing,3700
4.0,great game,3700
5.0,tiktok best,3700
5.0,soon possible,3700
5.0,experience good,3700
1.0,watch anything,3700
1.0,impossible cancel,3700
5.0,excellent experience,3700
5.0,group chats,3600
1.0,keeps logging,3600
1.0,monthly subscription,3600
1.0,cloud storage,3600
5.0,fun easy,3600
5.0,high score,3600
5.0,quality good,3600
1.0,songs playlist,3600
1.0,part household,3600
5.0,verry nice,3600
1.0,like m,3600
5.0,vary good,3600
5.0,skype good,3600
4.0,give stars,3600
5.0,great keep,3600
5.0,new features,3600
5.0,easy love,3600
1.0,add people,3500
5.0,great quality,3500
1.0,skip songs,3500
1.0,gb free,3500
5.0,everything need,3500
1.0,new updates,3500
5.0,good amazing,3500
1.0,created new,3500
5.0,recommend everyone,3500
1.0,contact customer,3500
1.0,cant add,3500
5.0,achcha hai,3500
1.0,choose songs,3500
5.0,stay connected,3500
1.0,old number,3500
5.0,super nice,3500
1.0,number email,3500
5.0,best games,3500
5.0,movies shows,3500
5.0,easy good,3500
5.0,good better,3500
1.0,give us,3500
1.0,see messages,3500
1.0,activation code,3500
1.0,viber call,3400
5.0,good great,3400
5.0,good chat,3400
1.0,lost old,3400
1.0,end encryption,3400
1.0,wouldn let,3400
5.0,fast transfer,3400
1.0,cant see,3400
1.0,send receive,3400
1.0,bad bad,3400
1.0,code old,3400
5.0,good performance,3400
1.0,us pay,3400
2.0,tik tok,3400
5.0,love like,3400
1.0,haven able,3400
1.0,always error,3400
5.0,love everything,3400
4.0,good work,3400
1.0,read article,3400
5.0,game interesting,3400
4.0,good easy,3400
5.0,best ve,3300
5.0,everything good,3300
5.0,love viber,3300
5.0,share files,3300
1.0,skype credit,3300
1.0,spotify premium,3300
5.0,connect people,3300
1.0,upload pictures,3300
1.0,gets stuck,3300
1.0,non existent,3300
1.0,u guys,3300
5.0,face book,3300
1.0,without warning,3300
1.0,absolutely useless,3300
1.0,send code,3300
5.0,family members,3300
1.0,zero star,3300
5.0,easy work,3200
1.0,couldn find,3200
1.0,factory reset,3200
1.0,ad free,3200
5.0,connected friends,3200
1.0,pay subscription,3200
5.0,ok good,3200
1.0,song playlist,3200
5.0,rest peace,3200
4.0,fun game,3200
1.0,keeps asking,3200
5.0,love u,3200
1.0,worst worst,3200
1.0,next level,3200
5.0,game subway,3200
5.0,best far,3200
5.0,video calling,3200
1.0,experience ever,3200
5.0,m able,3200
5.0,dear tiktok,3200
5.0,watching movies,3200
5.0,like new,3200
5.0,enjoying game,3200
1.0,spend money,3200
1.0,media permission,3200
5.0,good need,3200
5.0,wonderful experience,3200
5.0,enjoy playing,3200
1.0,stay away,3200
1.0,samsung ultra,3200
5.0,ve playing,3200
5.0,x best,3200
5.0,game ve,3200
5.0,game always,3200
1.0,group chat,3200
1.0,good luck,3200
5.0,ok ok,3200
1.0,m giving,3100
5.0,nice beautiful,3100
5.0,great good,3100
1.0,let us,3100
1.0,terms service,3100
3.0,video call,3100
5.0,mast hai,3100
1.0,pay memories,3100
5.0,sad see,3100
5.0,send messages,3100
1.0,email number,3100
1.0,without paying,3100
5.0,free fire,3100
1.0,code sent,3100
5.0,spotify best,3100
1.0,uninstalling reinstalling,3100
5.0,game played,3100
1.0,absolute garbage,3100
5.0,ke liye,3100
5.0,doesn work,3100
5.0,og game,3100
1.0,doesn matter,3100
5.0,great great,3100
1.0,took away,3100
5.0,like love,3100
4.0,subway surfers,3100
1.0,playing video,3100
1.0,verify number,3100
5.0,game hai,3100
1.0,didn like,3100
5.0,give wide,3100
1.0,unable send,3000
1.0,disabled without,3000
1.0,doesn give,3000
1.0,tidak bisa,3000
1.0,good game,3000
5.0,yes good,3000
1.0,horrible experience,3000
1.0,someone else,3000
5.0,stop playing,3000
5.0,love always,3000
1.0,liked songs,3000
5.0,customer service,3000
4.0,video call,3000
1.0,violated terms,3000
5.0,always great,3000
1.0,take money,3000
1.0,due spam,3000
1.0,transfer new,3000
5.0,lots fun,3000
1.0,full bugs,3000
5.0,running game,3000
5.0,far away,3000
1.0,playing game,3000
1.0,sd card,3000
5.0,audio video,3000
5.0,best like,3000
1.0,ll never,3000
1.0,ve done,3000
5.0,pass game,3000
1.0,post anything,3000
5.0,game great,3000
5.0,m sure,3000
1.0,pop ads,3000
5.0,amazing good,3000
5.0,like easy,2900
5.0,good call,2900
3.0,won let,2900
1.0,cancelled subscription,2900
1.0,absolute trash,2900
1.0,viber plus,2900
1.0,bekar hai,2900
5.0,nice platform,2900
5.0,bahut hi,2900
1.0,able see,2900
5.0,wow amazing,2900
5.0,live without,2900
5.0,quick easy,2900
1.0,anything else,2900
1.0,give permission,2900
5.0,loved game,2900
1.0,home page,2900
1.0,media files,2900
1.0,keeps showing,2900
5.0,great tool,2900
5.0,netflix best,2900
1.0,watch something,2900
1.0,multiple devices,2900
4.0,like game,2900
1.0,watch movies,2900
1.0,keeps freezing,2900
5.0,game enjoy,2800
1.0,viber support,2800
5.0,easy transfer,2800
5.0,feel like,2800
5.0,simple easy,2800
1.0,call quality,2800
5.0,great social,2800
5.0,best offline,2800
1.0,wish give,2800
1.0,wi fi,2800
1.0,unless pay,2800
5.0,super duper,2800
5.0,media ever,2800
1.0,never received,2800
1.0,news articles,2800
1.0,dark mode,2800
1.0,able watch,2800
4.0,doesn work,2800
1.0,terms conditions,2800
4.0,overall good,2800
1.0,shows movies,2800
3.0,tik tok,2800
1.0,low quality,2800
1.0,new layout,2800
1.0,send pictures,2800
5.0,communicate people,2800
5.0,nice useful,2800
5.0,touch family,2800
1.0,ve uninstalled,2800
4.0,good quality,2800
5.0,awesome love,2800
5.0,good video,2800
5.0,nice best,2800
5.0,video viral,2800
1.0,canceled subscription,2800
5.0,m going,2800
5.0,freedom speech,2700
5.0,friendly interface,2700
5.0,wide range,2700
4.0,best ever,2700
4.0,game fun,2700
1.0,messages sent,2700
5.0,dear team,2700
1.0,go away,2700
5.0,nice helpful,2700
1.0,annoying ads,2700
1.0,read articles,2700
1.0,voice call,2700
5.0,feel good,2700
1.0,smart shuffle,2700
1.0,personal information,2700
1.0,gb storage,2700
5.0,stay touch,2700
5.0,connect friends,2700
5.0,video chat,2700
5.0,makes happy,2700
4.0,playing game,2700
5.0,great like,2700
1.0,bad game,2700
1.0,cancel free,2700
5.0,staying connected,2700
1.0,m uninstalling,2700
1.0,session expired,2700
5.0,game super,2700
1.0,recommend anyone,2700
5.0,music podcasts,2700
5.0,bye bye,2700
1.0,keeps worse,2700
1.0,ve lost,2700
1.0,messages send,2700
1.0,showing error,2700
1.0,lost everything,2700
5.0,end end,2700
3.0,keeps crashing,2700
3.0,nice game,2700
1.0,scan qr,2700
5.0,skype great,2600
1.0,copy paste,2600
5.0,love fun,2600
5.0,childhood memories,2600
,doesn work,2600
5.0,best place,2600
1.0,web browser,2600
1.0,third class,2600
5.0,best among,2600
5.0,best video,2600
5.0,real news,2600
1.0,profile picture,2600
1.0,done anything,2600
1.0,call someone,2600
5.0,absolutely amazing,2600
1.0,paying premium,2600
5.0,tv shows,2600
1.0,ke liye,2600
5.0,easy great,2600
2.0,video call,2600
5.0,super cool,2600
1.0,look like,2600
1.0,won able,2600
5.0,good sometimes,2600
5.0,won let,2600
1.0,every songs,2600
1.0,pick song,2600
4.0,great experience,2600
5.0,d like,2600
5.0,best chatting,2600
1.0,adding number,2600
5.0,good interesting,2600
1.0,netflix household,2600
5.0,touch friends,2600
1.0,click bait,2600
5.0,game favourite,2600
1.0,poor quality,2600
5.0,best song,2600
1.0,m sick,2600
1.0,perfectly fine,2600
1.0,poor service,2600
5.0,good chatting,2600
5.0,good ads,2600
1.0,pixel pro,2600
5.0,awesome experience,2600
5.0,good people,2600
1.0,ho raha,2600
1.0,right away,2600
1.0,upload files,2600
5.0,super fast,2600
,unknown error,2600
1.0,almost every,2600
1.0,receiving messages,2600
5.0,fun good,2600
5.0,excellent work,2500
5.0,streaming platform,2500
1.0,without consent,2500
5.0,good share,2500
4.0,good sometimes,2500
5.0,ve never,2500
5.0,love able,2500
4.0,good good,2500
5.0,give wideangle,2500
5.0,communicate family,2500
5.0,good presentation,2500
1.0,extremely slow,2500
1.0,blocked reason,2500
5.0,work easy,2500
1.0,region doesn,2500
1.0,premium plan,2500
1.0,need work,2500
1.0,paid premium,2500
5.0,voice call,2500
2.0,photos videos,2500
1.0,rate star,2500
5.0,good keep,2500
1.0,free storage,2500
5.0,w game,2500
1.0,work fine,2500
5.0,recommend anyone,2500
4.0,give star,2500
5.0,new music,2500
1.0,need old,2500
5.0,good night,2500
4.0,tik tok,2500
1.0,watch movie,2500
5.0,ever love,2500
1.0,watch video,2400
5.0,like viber,2400
5.0,tiktok live,2400
5.0,game cool,2400
1.0,amount ads,2400
5.0,best entertainment,2400
1.0,support useless,2400
1.0,sim card,2400
5.0,wow good,2400
1.0,lost access,2400
5.0,every song,2400
5.0,good far,2400
5.0,quality video,2400
5.0,good perfect,2400
5.0,like tiktok,2400
5.0,give us,2400
5.0,best movie,2400
1.0,everything else,2400
1.0,new old,2400
5.0,game m,2400
5.0,date news,2400
1.0,doesn send,2400
1.0,snap chat,2400
5.0,latest news,2400
1.0,third party,2400
1.0,storage space,2400
1.0,never ever,2400
1.0,took money,2400
5.0,good reliable,2400
5.0,like skype,2400
1.0,premium users,2400
1.0,send email,2400
5.0,call video,2400
1.0,every seconds,2400
5.0,makes feel,2400
5.0,love watch,2400
1.0,able access,2400
5.0,m new,2400
5.0,across devices,2400
1.0,haven received,2400
5.0,ho raha,2400
1.0,number says,2400
5.0,good viber,2400
5.0,im happy,2400
5.0,good communicate,2400
5.0,good everything,2400
1.0,free space,2400
3.0,social media,2400
5.0,great communication,2400
1.0,go live,2400
5.0,nice video,2400
1.0,movies series,2300
5.0,movies tv,2300
4.0,everything good,2300
1.0,sometimes doesn,2300
5.0,tiktok video,2300
2.0,every single,2300
1.0,keeps playing,2300
4.0,good job,2300
1.0,ad every,2300
1.0,didn receive,2300
1.0,worked fine,2300
5.0,quality excellent,2300
1.0,contact list,2300
5.0,demon hunters,2300
1.0,good experience,2300
1.0,news sources,2300
1.0,always shows,2300
1.0,comment section,2300
5.0,useful easy,2300
5.0,like netflix,2300
5.0,hg hg,2300
5.0,acha hai,2300
1.0,via email,2300
5.0,nice see,2300
1.0,songs like,2300
1.0,friends family,2300
1.0,extremely annoying,2300
1.0,old broken,2300
1.0,last digits,2300
1.0,worst social,2300
1.0,notifications messages,2300
5.0,listen songs,2300
1.0,accounts suspended,2300
5.0,fun relaxing,2300
5.0,game never,2300
5.0,best communicate,2300
1.0,left wing,2300
5.0,dark mode,2300
5.0,star rating,2300
1.0,says verification,2300
5.0,news articles,2300
1.0,international calls,2300
5.0,always reliable,2300
1.0,m watching,2300
1.0,pay storage,2300
1.0,send photos,2300
5.0,great storage,2300
5.0,watch videos,2300
3.0,pretty good,2300
5.0,favorite music,2300
1.0,family members,2300
1.0,blocked number,2300
5.0,good games,2300
1.0,payment method,2300
5.0,keep going,2300
1.0,receive code,2300
5.0,helpful easy,2300
5.0,game relaxing,2300
5.0,best presentation,2300
5.0,best share,2300
1.0,wrong password,2200
1.0,good shows,2200
1.0,worst customer,2200
5.0,every single,2200
5.0,easy understand,2200
1.0,allow adding,2200
1.0,read messages,2200
5.0,new people,2200
5.0,music streaming,2200
5.0,perfect game,2200
5.0,tiktok good,2200
1.0,skip song,2200
1.0,right wing,2200
5.0,access files,2200
3.0,good experience,2200
5.0,good movies,2200
1.0,recent updates,2200
1.0,incorrect password,2200
1.0,listening music,2200
1.0,spam messages,2200
5.0,music listening,2200
5.0,twitter x,2200
2.0,doesn show,2200
1.0,though m,2200
5.0,snapchat best,2200
5.0,news sources,2200
1.0,didn let,2200
1.0,song ads,2200
5.0,best cloud,2200
2.0,keeps saying,2200
5.0,good sound,2200
1.0,movies shows,2200
1.0,keeps sending,2200
5.0,best pass,2200
4.0,good service,2200
5.0,convenient easy,2200
5.0,nice great,2200
1.0,incoming call,2200
5.0,brawl stars,2200
1.0,wouldn recommend,2200
5.0,easy convenient,2200
1.0,m gonna,2200
1.0,keep asking,2200
1.0,keeps going,2200
1.0,doesn exist,2200
5.0,music spotify,2200
1.0,give money,2200
5.0,sybo games,2200
1.0,need premium,2200
1.0,watch ads,2200
2.0,uninstalled reinstalled,2200
1.0,let add,2200
1.0,new new,2200
1.0,somewhere else,2200
5.0,great communicate,2200
1.0,saying need,2200
1.0,take action,2200
1.0,wide angle,2200
5.0,always loved,2200
1.0,d give,2200
5.0,new updates,2200
5.0,life easier,2200
1.0,new features,2200
5.0,live option,2200
5.0,easy share,2200
1.0,intrusive ads,2200
5.0,wow wow,2200
1.0,didn send,2200
5.0,surfers best,2200
5.0,game keeps,2200
1.0,says error,2200
5.0,always love,2200
1.0,reading article,2200
5.0,source news,2200
5.0,original content,2200
1.0,though didn,2200
5.0,aap good,2100
1.0,makes sense,2100
1.0,ve seen,2100
5.0,music love,2100
1.0,ads songs,2100
1.0,new lost,2100
5.0,end encryption,2100
5.0,clear calls,2100
4.0,wide angle,2100
5.0,best ott,2100
1.0,didn violate,2100
1.0,tech support,2100
1.0,doesn anything,2100
5.0,news information,2100
5.0,give star,2100
5.0,good bad,2100
5.0,next level,2100
5.0,makes easy,2100
1.0,change name,2100
1.0,old messages,2100
5.0,game offline,2100
1.0,deserve star,2100
1.0,password reset,2100
5.0,best quality,2100
5.0,best friend,2100
1.0,every new,2100
5.0,love watching,2100
1.0,find better,2100
2.0,songs playlist,2100
5.0,fun entertaining,2100
1.0,upload media,2100
1.0,saying m,2100
5.0,fun watch,2100
1.0,song like,2100
5.0,addictive game,2100
5.0,makes easier,2100
5.0,great place,2100
1.0,receive notifications,2100
5.0,good enough,2100
5.0,easy find,2100
1.0,news stories,2100
5.0,connect family,2100
1.0,new sucks,2100
5.0,always fun,2100
1.0,nothing happened,2100
1.0,crashes every,2100
5.0,love amazing,2100
1.0,like people,2100
5.0,overall great,2100
2.0,social media,2100
1.0,last couple,2100
